nama,bintang,komentar
Raden Mas,5,
Dani Farid,5,
Vintanamal,5,Bagussss sekali
Djoko Nugroho,5,Luar biasa keindahaannya...tidak afdol klu ke green canyon tanpa ikut bodyrafting... Trip adventure...sensasi keindahan alam yg menakjubkan...
bagus farid lutfi,5,
Ujang Ali,5,
Indri Aditriani,5,"Tour gaet nya kerenÂ² banget, aman dan amanah banget untuk menjaga keselamatan konsumen, jd kita ngerasa savety dan nyaman, ramahÂ² pulang... Service nya memuaskan..."
Riki Dwi Gunawan,4,
rinaldy Chaerul,5,"Luar biasa, menegangkan dan menyenangkan, recomended buat liburan"
Elly Navidar,5,
Ratih Rahayu,5,Beruntung pas kunjungan air lagi bening...
SUGIARTI SUWANDI,5,Keren pemandangan indah dan sangat baik
Joshendrasto Prd,4,
ary setyawan,5,"Wisata alam, datang pas habis hujan air sungai keruhh..."
Siswadi Kurniawan,5,"Menyusuri sungai cijulang, sampai ke hulu dan menyaksikan keindahan alam
Green Canyon Pangandaran"
Khunaefi Zaen,4,
Ade Zahra,5,Pas. Naik ini ada rasa takut sii tapii pas liat indahnya pemandangan rasa takutnya terbayarkanğŸ˜ï¿½ â€¦
w mizu,5,
CBW Official Group,5,
dj _channel,5,
Hndra Snakepit,5,Saya tinggalkan jejak memori wisata bersama keluarga di sini
florentina indiastuti,3,"Sayang banget, kemarin airnya coklat"
Uze Iron,5,
Gival Guntur,5,
Anggoro Teguh,5,Mantap
asia fesb,1,
Bambang Adicahyono,4,"(Diterjemahkan oleh Google) Keluar ..

(Asli)
Exited.."
Edwin Ng,5,"(Diterjemahkan oleh Google) Bagus

(Asli)
Nice"
Sapto,4,
T Agus Nugroho,5,
Sofi Martin,1,Menyenangkan...
Hry Kar,5,Asri
angga puji,4,
War Humanity,5,Indah
yudha bianco,5,
Rina Muharti,4,"Air sedang naik dan keruh, sehingga tidak maksimal"
aditya,5,
Chandra Wijaya,1,Suka
Ikhbal Adhitama,5,
lindasari nuraeni,5,
Wawan Carwan,5,"(Diterjemahkan oleh Google) Luar biasa

(Asli)
Amazing"
AdÃ©dapo Adebowale,5,"(Diterjemahkan oleh Google) Atas

(Asli)
Top"
Rizky Dewi,5,
Awan Setiawan,5,
Al Mugni,5,
witoyo yoyo (H.YOYO),4,Mantap...inget waktu masih dikalimantan
Vincentius Sutana,4,"Tertata naik perahunya, Green Canyonnya sudah meredup, hujan jasi airnya kotor, coklat"
Banyu Sagara,5,
imam cat,1,"(Diterjemahkan oleh Google) Cantik

(Asli)
Beutiful"
Apip Wapiyudin,5,
Sudhi Adria Kusuma,4,
OBe squad,1,Laper
Arend K,5,(Diterjemahkan oleh Google) Beberapa arus kasar ketika Anda pergi berenang. Pastikan Anda dan orang-orang yang pergi bersama Anda memiliki stamina yang baik. â€¦
Yohanes Ananta,5,Tempat yang indah dan menawan
Satria Hanafie,5,"Salah satu wisata andalan Pangandaran, sungai nya bersih dengan pemandangan yang masih hijau"
Iid Bapedalda,5,"(Diterjemahkan oleh Google) Mantaaaap

(Asli)
Mantaaap"
Sunarto Naruto,5,Tantangan main air dan keindahan green canyon nya luar biasa....
Nayla Ramadani,5,
Arfan Nafrizal,5,Ajieb..tuk sekian kalinya main disungai ini
Kamaludin Ahmad,5,Pemandangan yang indah
faridzha agustian,5,
Eric Tiwa,5,
Puguh Kurniawan,4,"berbeda dengan dulu waktu pertama dayang, masih rimbun"
ahmad lutfi fauzi,5,View ter indah
Brilliant Dwinata,5,
Iin Inarotul Abadiyah,5,
ibeng van khobir,5,"(Diterjemahkan oleh Google) Oke

(Asli)
Ok"
Cha,5,"Wisata alam yang recommended banget, sungai nya beneran hijau... Sejuk, cerah masyaallahhhh banget pokoknya. Harus kesini!!"
Yaya Juhria,5,
Sri Himawati,5,
sri wahyuni,4,"All in, indah"
WIMA,5,Seruuuu
Tasdik Somantri,5,Lebih dikembangkan lagi tidak akan kalah oleh yang di luar....
Doedy koerniawan,5,
Haidir Heliamasa,5,"Dari semua rafting yang gua coba,ini yang paling extreme,view nya juga bagus,kalian wajib coba kesini @barajabodyrafting."
robby badruzzaman,5,"(Diterjemahkan oleh Google) Tempat favorit untuk setiap wisatawan dari luar Indonesia juga, tujuan terbaik di wilayah pangandaran â€¦"
Richi Arkaza,5,
Yusron Mulyadi Santosa,5,Kawasan wisata unik dikelilingi batu cadas yg eksotik
sigit budiyanto,5,
Tar hadi,5,Tempat yang indah
Tj Juanda,5,walau hanya Berperahu menikmati aliran hilir air citanduy sangat menyenangkan. Pemandangan yang langka kami temui. Ada tebing tebing sungai yang indah dan unik. Harga sewa perahu boleh di bilang bersahabat. Lebih seru kalo rame rame bisa main nyebur air sambil ngambang dengan pelampung. Yu balik lagi.
Nizar Farhan,5,"Keren cuma sayang kemarin cuaca gak bersahabat jadi agak kurang bisa nikmatin~
Tapi seru"
Novitaeka Saputri,5,ğŸ‘ğŸ‘ â€¦
Lilit Rusniawati,5,"Indah tempatnya , seru ,, cocok untuk yg suka trip tantangan"
Gagak Lintang,4,Wah ini favoritnya Pengandaran... Datang saja bagus indahnya
Ito Warsito,5,
Mohammad Nur Fathoni,5,Asyikbmenyenangkan
eReN Studio,5,Airnya segeerr
Susang Suryaningrum,5,
RMCANON JABO02,5,
Didi Dimyati,5,Mantap ğŸ‘ pemandunya rama â€¦
Hurry Hawariyah,5,"Amazing place, tp syg pas ke sini pas air nya keruh..debit air yg tinggi, dan arus yg deras."
taufik nugraha,5,
Luthfi A Aziz,5,Menyenangkan sekali
Marcellino Andri,5,"Tempat rekreasi bersama keluarga tercinta,sahabat dan jg tmn kantor..disana kita di manjakan dengan keindahan alam yg sangat indah dgn naik perahu."
Ahmad Mutaqin,4,
Juwita Adiningsih,5,
dindin wahyudin,5,Okbanget
Sar Team,5,mantap
pasundan trans,5,"Tempatnya bersih,sejuk,dan rekomendasi banget buat acara kantoran dan keluarga"
Nurman Wijaya,3,Buat yang suka adrenalin wajib nyoba.... Sayang kita kloter terakhir jadi ngajar waktu
MY BROMO,5,
Bagong â€œBgâ€ Kanyere,4,
donny setiawan,5,Tempat wisata yg nyaman....
Sarah Anggraeni,5,
Sumarga Maulana,5,
Hasan Tarjo,5,
Anton C. Hermawan,5,Alamiah
Revan Alrizal,4,
Machradin Wahyudi,5,Great trip from Pangandaran
Denissa Zelianti,5,
ira puspitasari,5,Memacu andrenalin..patut dicoba
Amir Acong,5,Semoga lebih sukses PT POJ Bandung kanwil X
Alyaniq,5,
Anton Niury,5,
Anthony Steven Hambali,5,"Once in a lifetime experience. Mesti nyoba, paling tidak sekali seumur hidup. Indah sekali, awalnya sungai tenang hingga di hulu yang arusnya deras."
latif muslim,5,Pengalaman pertama mengunjungi Grand Canyon Pangandaran hanya decak kagum  dengan keindahan karya Yang Maha Kuasa.
Ban Nol,5,Pasto nagihğŸ˜ â€¦
Alam Dewa Samudra,5,"Mantap, seru sekali untuk berwisata"
17_174 Aditya Rahman,5,"Mantap 1 bulan di green canyon menimba ilmu, pokoknya bagus pemandangan bagus, kerenn"
Imas Tutiah,5,Seru dan menyenangkan menikmati keindahan alam green canyon
Putri Anggraeni,5,
hesti purnawati,5,"Ambil paket body rafting, harga sepadan dengan keseruan yang didapat"
cholik Zauhari,5,
Georgia,5,"Seru sih pengalaman disini pasti tak terlupakan, menguji adrenalin, dan tempatnya indah juga.
Di depan gerbangnya banyak toko dan tempat oleh-oleh juga."
Wawang Berlian,5,"(Diterjemahkan oleh Google) Baguus

(Asli)
Baguuus"
nina nurlaila sari,5,
Hanafi Nugi,5,"Keren..
Gk perlu keluar negeri untuk mendapat spot yg Ikecing..
Nikmati aja Alam Indah Indonesia.."
Effendi Achmed,4,"Wisata kreatif dengan mengandalkan keindahan sungai dari Sirnya yg jernih, ataupun tebing sungai yang indah, pettahankan lokadi wisata dan alamnya. Selalu menarik apabila airnya jernih sungguh indah pelayanan dan tiket mahal"
Agus Risdiyanto,5,
bagus utama,5,
Imam Subekti,5,"Adventure rafting, cukup memberikan suasana alami berpetualang"
In Rahmad Widiyanto,4,
Mang Powek,3,"Indah sekali sungainya... Cuma pas mau naik perahu biayanya lumayan, jadi saya kasih 3 bintang dulu ya.. ï¿½ â€¦"
Firman Triana,5,
Endang Gerot,4,Tepatnya sedikit kotor tapi buat naik kapal asik dan aku suka namanya keren
GREEN CANYON KU,5,Mantappppp
Zaki Burhan,4,Adalah ini
Syarif,5,"(Diterjemahkan oleh Google) Arung jeram yang bagus

(Asli)
Nice body rafting"
Dian H Utama,5,Menelusuri indahnya tebing buatan Alam...
Abdul Haris,5,Ki Sunda Recommended untuk sobat pecinta alam
Johan Mulyadi,5,
Sobit Sobit,1,
lisa khairunnisa,5,
faisal fasya,5,"Tempat wisata yang menarik dan menyenangkan untuk menyegarkan kembali pikiran setelah penat dengan kegiatan rutinitas,,, pokoknya Joss"
NotVaprotino04,4,
Adi Nugroho,5,
M. Sofwan,5,Healing bareng keluarga...
graz upi,5,Pemandangan melalui perahu kecil indah sekali
Helena Schneider,5,"(Diterjemahkan oleh Google) Jika Anda ingin mengunjungi lembah hijau sendiri, Anda harus berbelok ke kiri di belakang jembatan setelah tempat parkir. Biaya masuk selama seminggu adalah 20.000. Tapi untuk berenang saya akan merekomendasikan â€¦"
Anis Illahi,3,"Sedih ketika kesini arus nya sedang deras, jadi cuma bisa naik perahi :(
Lanjut deh tubing di Citumang"
Rizky Budi,5,
Muhammad Dimas,5,
indra waluya,4,
Adi,4,"Sesuai namanya, air nya warna hijau.
Tapi kalau habis ujan air nya warna coklat."
Yani,5,
laras julia,5,"Mantap bener, ga ada sampah sama sekali, keren"
Arif Mulyono,5,"Ajib, susur sungai aja, lumayan cape"
ABIE BADAR TOURS,5,Green canyon Pangandaran keren abis
Henry Panjaitan,4,"(Diterjemahkan oleh Google) Luar biasa, pemandangan yang bagus

(Asli)
Incredible,nice view"
yunita nita,4,Hepiiiiï¿½ â€¦
Ridha Riansyah,5,
irwan tangguh,5,"(Diterjemahkan oleh Google) Dingin

(Asli)
Cool"
Aii Syifa03,5,Target 4 bulan baru menghabiskan 2 bulan
Trian Aslan,5,
Tandi Sumardi,5,
akiteru taka,5,"(Diterjemahkan oleh Google) Body rafting di hilir mungkin merupakan cara terbaik untuk menikmati pemandangan, tetapi Anda memerlukan pemandu lokal untuk menunjukkan jalan Anda. Beberapa bagian memiliki arus yang kuat dan bebatuan yang tidak â€¦"
erwin warjito,5,
John Stefanus Chandra,4,Wisata menelusuri sungai
Ade Ramdani,5,
dicky eldianto,5,"Body rafting!! Tempat untuk menguji adrenalin Anda, karena Anda hanya mengenakan pelampung dan langsung terjun ke sungai, tidak seperti arung jeram yang menggunakan perahu atau ban. Sebaiknya kemari pada saat kemarau karena air sangat â€¦"
MMars Family,5,
allin njhie,5,Wooow fun banget happy sangat menantang
Sugita Gita (SUGITA),4,Sungai airnya bersih pemandangan tebing kanan kiri masih alami indah dengan stalatitnya membuat hati hanyut ikut sejuk....
Dadan Sulistiawan,5,Mantap
Riris Dwityanni,3,
Cardi Doang,3,
Sulastri Lalas,5,Amazing... Medan yg luar biasa.. Bisa ikut rafting adalah suatu hal yg tak terbayangkan.. Pemandunya hebat dan profesional.. Pengalaman yg tak terlupakan..
Novianty Nusaputra,5,"(Diterjemahkan oleh Google) Sangat cantik dan tidak terlalu mahal

(Asli) â€¦"
Syahrul,5,
Little Friend of Animal,3,(Diterjemahkan oleh Google) Perjalanan perahu yang membosankan tetapi final yang spektakuler â€¦
Fany Prihastiningtyas (Fazasya),5,
her sof,4,
Ivan,4,Suatu tempat yang sangat mengagumkan untuk dikunjungi.
YOGI HARFAN MUSLIHAT,5,
cecep sri suryana,5,"Klo mau kesini disarankan musim kemarau, supaya airnya bagus, jernih kehijauan"
Akhmad Khuzaeni,5,Wisata susur sungai yang menantang..
Aris Budianto,4,Sudah beberapa kali ke tempat ini..
Deniadi Mulyana,5,"Green canyon merupakan surga tersembunyi di pangandaran, pokonya kalian harus nyobain bodyraftingnya seru bangett"
Andre Pratama,5,
Amalina Zaki,5,"Sayang bgt ketika kesana debit air dan arus cukup tinggi. Jadi cuma naik perahu sebentar sampai air terjun pertama, mungkin di depan lebih bagus lagi ya pemandangannya.. semoga berkesempatan untuk kesana lagi suatu hari nanti. Untuk toilet kotor dan bau, semoga lebih diperhatikan kebersihannya agar pengunjung lebih nyaman.."
zakiyul fikri,5,Mantapp
Obisidianhearth,5,
Adhitya Bima,5,
Fatah Yasin,5,"Melihat sungai yang jernih dan indah dengan hiasan alam yang sangat cantik disinilah tempatnya. Alamnya masih asli tidak ada pencemaran, dengan di kelilingi staktit yang indah dengan tetesan airnya."
yan ryan,5,
pratiwi andre,5,"Waktu kesini, airnya lagi deras. Efek hujan berhari2. Jadinya g berani turun dr perahu. Cukup wisata perahu aja, itu pun udh keder pengen nunggu di bis aja hahaha"
Rita Meutia,5,
nurul qomariah,5,
Paulus Wikanto,4,
Susanti,5,Awalnya sy - suami takut Krn TDK pandai renang.tapi rasa takut kami hilang dengan rasa penasaran melihat keindahan juga keseruan yg akan dirasakan.rasa aman & nyaman dgn dibantu guide nya yg ok banget.pastinya safety Kami percaya kan sy & â€¦
Beethoven MusicCourses,5,Tempatnya asyik
Bakti Bahtiar,5,
Ramdan M,4,"Pas Ke Sini Ngga Tepat Waktu, soalnya pas airnya lagi deras terus keruh..."
Gina Ihsan Sajidah,5,"Napak tilas dulu pas kecil pernah kesini main sama rombongan, kalau sekarang main sama keluarga besar sendiri."
Andi Ari,5,luarr biasaa... Ga rugi jauh2 Ke pangandaran.. Capek nya hilang setelah melihat view nya..
mms 94,5,
siswoyo adi,5,
Al Mufid,5,
Roni Lopez,4,
Mia FU,4,
rony Coll,5,Bagus
serafin rosario,5,Pengalaman tak terlupakan. Airnya hijau jernih. Menyegarkan. Spot2 nya tak terkatakan indahnya. Tenang sekaligus bikin dag dig dug. Rekomended banget buat yg suka main air bergelombang. Top markotop.
Pa Maman,3,Mantap dan menantang....
Khoirunnisa Bekti Gunarti,5,(Diterjemahkan oleh Google) Saya mendapat pengalaman hebat di sini. Merekomendasikan bagi Anda untuk menyembuhkan jiwa Anda. Xixiixi â€¦
icka linaputri,5,"Sayangnya sebelum jadwal ke Green Canyon, semaleman turun hujan, Green nya berubah jadi Brown  ... Tapi tetap excited. Next bisa balik lagi dapetin 'the real green' semoga ... ï¿½ â€¦"
yadi supriadi,5,
David kurniawan,5,
Endang Setyawati,5,
Kaori Chatto,5,"Buat penggemar wisata air, Green Canyon merupakan salah satu lokasi yang cocok buat menikmati segarnya air yang mengalir dan gemericik air di sela-sela akar. kamu bisa menikmati hujan abadi yang ada di sekitar Green Canyon yang merupakan â€¦"
Dwi Wahyu Indriyono,5,
Rochmat Sumaryo,5,Bagus.....
Ali Siregar,5,
Terry Alfian,5,
Rita Fatimah,5,(Diterjemahkan oleh Google) Melihat pemandangan alam yang membuat kita takjub akan ciptaan Sang Pencipta. Allahu Akbar Perjalanan menyusuri sungai sampai melihat tebing yang sangat menawan.. â€¦
Yossy Syahputra,5,Menyenangkan
Henie Meidaz,5,
Ujang Puad,5,
Riyadi Wahono,5,mantap
Maya Febrianti,5,"Tempatnya indah, sangat indah. Paket liburan disana hemat tapi memuaskan. Cocok untuk liburang bareng orang orang tersayang... oh iya diasana ada pemandian putri cantik banget diatas tebing, terus bisa loncat juga diatas tebing/batu. Semuanya aman, ada pemandu yg selalu sigap..."
Heru Kasidi,5,(Diterjemahkan oleh Google) Tempat yang indah untuk pelayaran sungai dan alam. Sungai yang indah dan aliran air yang indah di antara tebing di hulu. Tempat yang harus dikunjungi ketika Anda berada di daerah Pangandaran. â€¦
Aris Rianto,5,
Naila Alfi Nabila,4,"Lokasinya mudah diakses, pembelian tiket melalui loket resmi, perahu aman dan nyaman, pemandangan sangat indahz"
Leni Refaliani,5,
DEJUN VOLI,5,Tempatnya nyaman...
Kalamukti Anggadhahi Lestia (Angga),5,
Rendy Aditya è‹ä»æ‚Œ,5,"Wajib ke wisata Greencanyon, seru bngt dan indah tempatnya. Tour guidenya ramah n berpengalaman."
Siti Rgyh,5,"Tempatnya bagus bngt, sebelum sampe ke titik point utamanya harus naik mobil bak terbuka gitu lumayan lama, terus nanti kalo udh sampai kita turun bukit gitu lumayan banyak anak tangganya banyk lumut jadi harus hati2, kalo di larang bawa â€¦"
Cucu Suryana,5,"(Diterjemahkan oleh Google) mantaf

(Asli)
Mantafs"
Bayu Aribowo,5,
Mo,4,"Sebelum krismon kesini.. suasana masih asli.. perahunya sedikit, pengunjung juga sedikit.. perahu dijalankan pakai galah panjang menghujam kedasar sungai buat mendorong perahu.. jalannya pelan, jadi bisa menikmati perjalanan sambil lihat â€¦"
Rq Ogano,4,Pengen kesini blm kesampain
Alexa Quin,5,
Kang Haji,3,Lumayan
Haryuni Rachmadani,5,
Hendrik Saputra,5,"Tempat rekreasi alam ekstrim yang sangat recommended. Harga tiket masuk terjangkau, layanan lengkap (alat keselamatan, pemandu, perahu, dan asuransi). Kondisi sungai sangat indah dan hijau menyegarkan. Tempat parkir luas dan biaya parkirnya â€¦"
Nezar Syahid Alfarizi,5,
Pak'de Andi,5,"(Diterjemahkan oleh Google) Perjalanan selanjutnya

(Asli)
Nex trip"
Pipit Herlina (sanggar maybi),5,"Sangat sejuk,nuansa alami"
Venom Neo,5,Objek wisata yang sangat indah di Jawa barat
Bp Purwa,5,Matap buat kegiatan outdoor.uji Adrenalin
Mustopo Gr,5,
Haryan Sumarta,4,
Dede Yayan riana cannary,5,Wis mantap CBC luar biasa
Benny Bernardus,5,
hedi susandi,5,"(Diterjemahkan oleh Google) Tempat yang bagus 4 liburan bersama keluarga

(Asli) â€¦"
stefanny stella,5,
ardhi danang,5,"Destinasi wisata yang sangat bagus dengan pemandangan tebing sungai yang menyejukan,,
Jika beruntung air sungai pas jernih lebih mengasikan"
Shinta Rinna,5,Tempat keren yang harus mendunia....
Gunaedy Setiawan,5,"(Diterjemahkan oleh Google) Tempat yang bagus, panduan yang luar biasa. Pertahankan pekerjaan yang baik. â€¦"
agus trijana,5,
aziz saputra,5,
Renny Widyastanta,5,
ria andriani novita,5,Seru menguji nyali fasilitas lengkap
Curug Taringgul,5,"(Diterjemahkan oleh Google) Oke

(Asli)
Ok"
Shizuka _05,4,
halsan encun,5,
Sendi Nirfana,5,
Tia Mamnuah,5,
dony Setiawan,4,
Mr. Dont Care,5,"Pemandangannya wow, namun harus perhatikan cuaca, kalo habis hujan green canyon tutup karena debit airnya tinggi"
Agus Broto,3,Kami sampai pas Air Naik...obyek wisata ditutup
Stenly Norimarna,5,Seru... Ga nyesel kesini...
April Yani,5,Menakjubkan keindahan alam nya indah sekali ï¿½ â€¦
Alvaro putra Maulana,5,gila cie gkbs d'ungkapkan dngn kata2
Agung Budi Santoso,5,
papazaU Hero,4,Tempat wisata eksotis dan instagramable
Ayi Karmana,4,Mantapks sekali....
Arin Putri,5,seruuu bangett sangat2 worth it buat outbond bareng keluarga/teman2
catur juniarto,5,Body rafting yang menyenangkan. Instruktur bersahabat. Mengutamakan keamanan
Evie Indriana,5,Kereeennn abiisss ğŸ‘ â€¦
A RS,5,
Yudi saeful kamil,5,"Adakalanya melihat keatas lebih baik, karena keindahan tidak srlama nya ada di bawah..."
Mia Amiasih,5,"Tempatnya adem, lumayan bagus cm jalan2nya kurang lama aja sih, bolak balik cm sekitar 45menit aja,, 220rb cuma buat 5 orang aja,,"
Imas Kurniasih,5,Green Canyon tempat wisata yg bagus untuk adventure... Tempatnya indah banget.
8I_Rizqi Akbar Hariyanto,5,Rasa lelah hilang seketika melihat keindahan tempat ini
R. Yudi Machyudi,5,Pengalaman yang tidak bisa dilupakan
Igo Sugiri,5,Hampir sama kondisinya setelah 20th berlalu semoga tetap di jaga
Nur Hikmah,5,
toko bunga Cirebon,5,Pemandangan yang sangat indah
AO W,5,"(Diterjemahkan oleh Google) Ngarai dengan stalagtit, pelayaran ke hulu dan arung jeram, dll â€¦"
Toto Tosap,5,
Amsori Bule,4,
Vinanda Khomasri,5,"Luar biasa ğŸ‘ subhanallah indahnya alam ciptaanNYA
Kerenn...... â€¦"
Zana Anggriana,4,
Tedy Vincentius,5,(Diterjemahkan oleh Google) Ngarai petualang terbaik di Indonesia. Airnya alami dan sangat segar dan jalur body raftingnya luar biasa â€¦
Edi 4s,4,Tempatnya sejuk dan airnya jernih
audri ramadwitama,5,Tempat Body Rafting paling oke ..
astyadi,5,
Shavana Ayu,3,
Iyan Satriana,5,
Fitry,4,
bambang aji,4,
Zuhad Arsyad,4,"Mantap,,,, keindahan alamnya masih terjaga alami"
jocelyn jovino,5,
vatihgame,5,
Jannya JWC,5,
Yanto Hardjo Prawiro (Nco),5,Tempat istirahat dan rekreasi keluarga #2
Brigita Resti Widianingrum,5,"Ikut body rafting track jauh. Capek, tapi seru.. Hati2 kalau air lg dangkal banyak batu.
Jd kita banyak jalan di bagian bebatuan, tp semua kebayar seru banget. â€¦"
ranita nurani,5,baru pertama ke pangandaran ...dan ke green canyon pokoknya luar biasa...lelah setelah perjalanan jauh n macet dari Bogor terganti dgn nuansa alam yg indah ini...tips klo mau kesini booking hotel  dl krn kmr kita kesana selama libur lebaran jd dpt nya di home stay tp lumayan lah
Danijel Satyaone,4,
Neng Leni Marlina,5,
Nurul 2402,5,
Rangga Radit,4,"sebenarnya seru, cuma jalannya terlalu jauh, kalo yg sdh tua dan gendut, dijamin teler. sama sepatu yg disediakan, bikin lecet kaki. mending bawa sendal gunung sendiri"
é»„å…æˆAron,5,
Ponti 23,4,Bagus  rapi udah lama kesana kalau kemarin cuma dipinggir aja kebetulan maksi disekitar nya aja .
Agus husein A.,5,Mantap saya sering bawa wisatawan kesini
Yuyun Priatna Pesona Kahuripan,5,Ambil track paling jauh. Asik buat yang suka tantangan. suasana alam yang begitu indah
Andi Yana,3,
Muhammad Satrya,5,Mantappp seriusâœŠ
Fitri Febrianty,5,Marmer nya murah dan bagusâ€
Jawara wisata,5,
Novri Is,5,Indah Pemandangannya.Hotel bagus dan bersih.masyarakat sangat ramah.Pantai hrs sering di bersihkan dr sampah
rinto,5,
Muamar Sabilul,4,
Alexander Setiawan,5,"Bodyrathing yg membuat puas berpetualang, asal ambil yg long."
prima aditiya,5,
Yanti Susanti,5,
GAMERS01_AFK,5,
ika kamila,5,Pokoknya tempatnya gak ngebosenin.pingin balik LG balik lg
saefullah ahmad,5,Nuansa yg berbeda sangat indah...plus oleh2 anak kepiting
Ami Marhamah,5,
eka rahmat jatnika,5,
Iis Rahmawati,5,Seru banget
Hermana,5,#ï¿½ â€¦
Megawati,5,Pemandangannya indah
Roni Rustiana,5,
Robert Robin,4,Seru
Prasetya HP,5,Mantap ğŸ‘ â€¦
ferry nurjaman,5,"View keren, pengalaman baru yg menyenangkan, tiket lumayan mahal tp puas dgn pengalaman dan keseruan nya"
Aditya Rahman Adil,5,Cakeeep... Body rafting ataupun wisata perahu plus berenangnya.. hanya disini bayi dibawah seta
uye uye,5,
abi haajam,5,
mas bro,2,"Perjalanan seru, tapi kenapa makannya d ahir perjalanan...."
hikaru elmasrur,5,
alif hakim,5,Objek wisata yang satu ini juga tidak kalah indahnya dengan objek wisata di pangandaran namun apabila kita ingin melihat lebih kedalam lagi tentang green Canyon Indonesia kita harus menyewa sebuah perahu dan cost nya pun tidak begitu mahal...silahkan datang dan saksikan sendiri keindahan green Canyon Indonesia...
å»–æ•¬è´¤,5,"Pantainya bagus, tidak terlalu jauh dari jalan raya. Petunjuk arah dan peta juga cukup jelas"
Heryadi Sukmadijaya,4,Sejuk... Masih alami dan menantang adrenalin
Sutrisman Sutrisman,5,Mantap green canyon
gra listello,5,"mantaaaab Bozz,  ..
pd libur lebaran 2022 ini disediakan 3 paket utk menikmati wisata air di GREEN CANYON.. â€¦"
Bayu Setiaji,5,
Zeevy,5,
didi suryadi,5,Tempat yang  cantik
ibrow chanel,5,Kereeeen
TRI JATMIKO,4,"(Diterjemahkan oleh Google) Oke

(Asli)
Ok"
Lili Udli,5,
Barokah Group Chanel,5,Kren abis
Raihan Dzakiy,5,
Wenk 78,5,"Cuma sampe parkiran depan, belum sempat ikut body rafting. Parkir luas banyak tenant food dan merchandise. Info dari maeketingnya tarif raftingnya antara 1,15 jt s/d 1,25 jt per 5 orang include instruktur, perlengkapan keselamatan dan coffe break."
Nugraha Billy Viandy,5,
Habib Sulistiyo,1,Sudah memakan korban anak kecil tenggelam
Shofi Mulia,5,"Dengan harga 225rb per orang untuk body rafting puas bangettt, hanya konsumsi tidak sesuai. katanya nasi liwet tapi cuma nasi , mie telor dan ayam goreng . Untuk kelapanya juga harus kita yg minta baru dikasih. Next lagi untuk konsumsi harus di follow up sebelum bersih2 mandi dan ke tempat makan."
Edi Junaedi,4,"(Diterjemahkan oleh Google) Itu menakjubkan

(Asli)
It was amazing"
MAS'UD HUSIN,5,SERU !
revanca wijaya,5,
Maman Permana,5,Tempat wisata exotik ada gua di atas sungai dg dihiasi stalaktit dan guyuran hujan abadi yg tidak pernah berhenti.....
Dom's Gaming,5,
Angel,5,
Lala Siagian,5,
Cecep Sadeli,2,"Bagus sih tapi mahal, banyak calo lagi"
Pria Jenaka,5,Menikmati suasana alam yang asyik dan menakjubkan menggunakan perahu... Terjun n renang didalam gua.. Sangat bagus ber Foto ria...  ï¿½ â€¦
Bunga Azhari,5,"Guide nya baik, harga worth it dengan fasilitas dan pemandangan seperti itu"
Ephysia Kim,5,(Diterjemahkan oleh Google) Anda harus mencoba body rafting di sini. Pengalaman yang sangat bagus â€¦
nailyn bread kitchen,5,Cuma macet pulangnya
Yanuar Anas Bolkiah,5,Pas pertama liat airnya sih kyk ada buaya ternyata pas di liat liat lagi berenangnya kyk gitu dong di kirain gk ada rintangan ternyata ada dong. Ada tali yg harus kita pegang dan jangan sampai terlepas klo terlepas au dah. Nah pas di tengah â€¦
Orlen Pranoto,5,"Wisata green canyon , salah satu wisata di Pangandaran yg wajib di kunjungi oleh wisatawan. Wisata green canyon memberikan pemandangan yg eksotik, sungai yg di apit 2 tebing batu. â€¦"
Denny Sundana Putra,5,Harus datang lagi gais
Intan Trisna,5,
arul rahman,5,
Alexander Setiawan,5,"Ikuti bodyrafting yg panjang, pemandangan yg menajukan,tangtangan perjalanan indah."
makranius nicko,5,
hanny ayanamichan,3,
Hafda Zuraida,5,Wisata naik perahu menyusuri sungai. 1 kapal 8 orang (anak2). Kalo dewasa isi 6 orang. Antri kalau lagi ramai. Bisa sambil berenang di sungai pas kapal berhenti
Jehoo Rhmn,5,"Masih menjadi destinasi menarik yang keren.
Jika anda sudah dewasa, cobalah eksplor sampai ke Pemandian Putri. Tempatnya keren dan bersih."
Cueng Suhaewan,5,Tempat yang indah
Suwandy Cis,5,"Tempat y bagus,,hanya dermaga kurang terawat"
Puguh,5,"gak bakal akan pernah puas, pengin lagi dan lagi dan lagi, ngajak famili !!"
Roni Yosep,4,
Nana Rahmat Rahmat,4,Bagus buata wisata keluarga asal yng jangan takut airğŸ˜‚ â€¦
Ade Rahmat,5,
Lianny Tjandra,5,
Heny Ermawati,5,
Lia Aisya,5,"Recommend pokonya ..
Guidenya honest waktu aku ketinggalan barang juga dikejar & langsung dikembalikan.
Murah & nice view."
Jajang Mutakin,5,
yoyo kuswoyo,5,"Tempat yang sangat di rekomendasikan untuk temen"" atau sodara yang suka kaya rafting gitu karena tempatnya keren pake banget! Jangankan wisata lokal wisata mancanegara pun kadang suka berkunjung kesini"
Rio Marciano,5,
isan 1457,5,Madang
Hafizh Maulana Kusumah,5,"Tempatnya bagus, sayang saya kesana pas musim hujan jadi airnya coklat"
Adyaning Praja,5,"(Diterjemahkan oleh Google) Pengalaman yang luar biasa

(Asli)
Great experience"
Traveling iD,5,
SunArya Family,5,"Klo kesini jgn pas musim ujan.krn air nya rada deras dan tidak sehijau musim kering..
Next dtg trip lg pas musim panas ah.. mau berenang krn air nya pasti jernih â€¦"
Hendar Sah,2,"(Diterjemahkan oleh Google) Bodirefing oke

(Asli)
Bodirefting ok"
Riyadi Riyadi,5,
Karsono Hady,5,"Pengalaman yg membawa kebersamaa bersama rekan rekan kerja ,, sangat berterimakasih sama bos semoga perusahaanya jauh lebih maju ,, amiiin ,,"
Erna Priyantini,4,
Denny Herlambang (Denny Semar),5,Indah. Sayang saat berkunjung airnya lagi kecoklatan. Semoga nanti kembali bisa menikmati keindahan dengan air yang hijau dan jernih.
asep iwan setiawan,5,
P Meridian,5,
Lucky Maulida,5,
Imam Budi,5,Tempatnya sangat menarik apalagi sampai foto2 di pas air terjun diantra bebatuan tebing yang curam air yang jernih klo ga hujan klo hujan airnya butek
Hervi VH,5,
Widi astuti Suyitno wargo saputro,4,Sudah agak sepi
Lisa Duwiry,5,"(Diterjemahkan oleh Google) Pengalaman hebat di alam, mereka memiliki manajemen tur yang baik untuk penyewaan perahu termasuk perjalanan berpemandu di sepanjang sungai. â€¦"
Dimy Bilal,5,
Khosyi'in El_khusyu,5,"Wisata menantang mental, hehehe
Lebih enak ditempuh bareng keluarga biar tambah akrab."
Djo Coffee,5,Menyusuri sungai yang panjang dan di sampingnya di penuhi peponan yang indah setelah lebih dari 15 menit barulah terlihat pinggiran sungai yang indah yaitu batu batu yang menakjubkan hasil dari proses alam yang membentuk batu batu yang â€¦
Selviani Rasyid,5,"Asliiii keren bangettt, kesini waktu weekday hari senin benerbener ga nyesel malah pengen balik lg sihhh. Pas keseini sepi bgtt enakk jd lebih baik kalau mau kesini jangan weekend karna ramaii jd kurang menikmati. Waktu itu pakai jasa baraja bodyrafting tersedia penginapannya juga dan murah bgt woyyy sangat worth it untuk dicoba"
Rahmaddy Sutopo,5,
anang kosimp,5,
PAUD AZZAHRA 2,5,
Dicko Diksupyansori,3,
Eva Yusnita,5,Tempatnya indah
Zulfikar Aminullah,5,"(Diterjemahkan oleh Google) Tempat yang bagus

(Asli)
Good place"
Adi rohadhie,5,
Sherly Kandou,5,
Benny Adityawarman,4,"Tidak disangka ternyata menyusuri Green Canyon kita disuguhi pemandangan sungai yang bagus, apalagi begitu sampai di 'gua'nya."
dwi sapta,1,
KANKZ,5,
Firdaus Ahmad,5,Emejing... mengesankan lain kali siap datang lagi
Surojo Jogja,5,
Yoyok Sundoyo,5,
Fainnurachman Fain,5,Sangat indah sekali
Dea Ridya,5,"Berperahu di antara bebatuan, stalagtit dan stalagmit. Bisa snorkling juga. Ayo nyebur."
Dadang Sanada,5,
Fitri Aryati,4,Pengalaman mengarungi sungai sangat mendebarkan
Lara Pamungkas,5,
Ratna Kei,5,
Riski Pratama,5,
Bay Santuy,5,
Donny Herwindo,5,"Suegerr airnya, amazing view of nature"
Fajar abdr,5,
Rindy Febriani,4,"Sayang banget pas sampe sini airnya coklat kecampur tanah,, soalnya setelah hujan"
Dadi Siswandar,3,"(Diterjemahkan oleh Google) Oke

(Asli)
Ok"
Atep Gugum Gumilar,2,
Siti Anifa Alviani,5,
ocid sutanabdulrosid,4,
Hadie Yan,4,Disarankan untuk berkunjung pas tidak musim hujan.. soalnya KLO pas lagi musim hujan air tidak berwarna hijau
Fuad Doel,4,
Rizky Apriyanti,5,"(Diterjemahkan oleh Google) Cantik

(Asli)
Beautiful"
Yanto Haryanto,5,Suasana alam nengagumkan....
Tantri Fitriani,5,
1035 Devia Oktaviani,5,
036_Wahyu Hidayat_A,5,
Muhamad Rizal Choerulumam,5,
brudaks lieur,5,Indah buat healing enak
Iyan Carsilan,5,Adem siang mantap
Erawati Kuzuma Dewi,5,"Kali ijo nya berzih ...
Ztay green yah"
Herrybest,5,Pangandaran makin menawan.....
iif taufiq,5,
Mohamad Hamim,5,Mengesankan..
Firman Fachrudin Firmansyah,5,
nagato alam,5,Indah dan orangnya ramah2....ï¿½ â€¦
Saefullah Efull,5,
dapit Khadapi,5,"Mantap..
Semua keluarga senang dan bahagia"
Ari Askari,5,Terima kasih kang tedy boy atas pelayananya kami bener2 puas main air di sungai green canyon bersama wisatagreencanyon.com
Herri Kurniadi,5,
Kukuh Muchrodi,5,"Oke, petugas prahu rmah, dan byk membantu pngunjung berwisata"
Dani Arifin,5,"(Diterjemahkan oleh Google) Cantik ğŸ‘

(Asli)
Beautifull  â€¦"
donny herwindo,5,"View nya sangat amazing, jauh perjalanan terbayarkan oleh suasana nya yg menyegarkan"
kiki rizki,5,"(Diterjemahkan oleh Google) Benar-benar menikmatinya. Naik perahu itu damai,
Dan Anda juga bisa melakukan body rafting. Meskipun tidak disarankan untuk orang tua karena bagian body rafting akan sangat menguji adrenalin Anda, tetapi saya â€¦"
Muhammad Wahidin,5,Wisata Alam yang luar biasaaaa mantapp
hendri ciptadi,5,mantap
Aden Maulana Yusuf,4,"Air nya pas lagi coklat,pantesnya namanya brown canyon ğŸ˜…
Ga ada toleransi bgt,bayipun dihitung dewasa,mesti 6 orang per perahu  â€¦"
LUKMAN HAKIM,5,
Lilis Assiyah,5,Gemoy assyik.
wiewi cahyo,5,"Luarbiasa indah suasana alami dan asri, kebetulan musimnya pas jadi airnya jernih"
nur khasanah,5,Disini asyik..coba aja datang sendiri
al khoiri,5,
Abdurrohman Muhammad,5,
chup emuch,5,
Nining Catur Ningrum,5,"Seruuu.... sayang air sungainya pas keruh.
Indah pemandangannya"
isha isha,5,"(Diterjemahkan oleh Google) Luar biasa, direkomendasikan dan indah

(Asli) â€¦"
Tjatur Bambang,3,Kurang dirawat
Wiwid Mulyadi,4,"(Diterjemahkan oleh Google) Itu adalah pengalaman yang menyenangkan. .
Mereka mengatur perjalanan dengan cukup baik.
Pertama kami pergi dengan truk pick up ke titik keberangkatan di sungai. â€¦"
Tila Zuntara,3,(Diterjemahkan oleh Google) Tidak disarankan saat hujan deras kemarin. Airnya berwarna coklat dan tidak hijau. â€¦
anindya imtinan,5,Wah airnya bersih sih. Kirain sampe sana turun dari perahu cuma udah renang aja. Taunya kita jalan dari batu ke batu dengan arus yg lumayan kenceng tapi seru bgt sih. Pemandunya juga nolong bgt kalo ga bisa renang tetep bisa main disini. Manjat tebing juga sedikit buat ke pemandian putri. Seru dehh.
Coach Iyu,4,"(Diterjemahkan oleh Google) Masih layak untuk datang ke sini, harga sangat terjangkau untuk perasaan bersyukur melihat alamâ€¦ â€¦"
Saeful Bahri,5,Wisata air menggunakan perahu yang mempesona pemandangan Bebatuan  mengingatkan zaman purbakala indah dan nyaman
Harno Hadi wiyono,5,
Parmono mono,5,"(Diterjemahkan oleh Google) arung jeram alam sekitar 3-4 jam

(Asli) â€¦"
Wahidun Rohman,5,"Wisata masih asri, keindahan alam yg sangat menakjubkan"
Hary Synyster,5,"(Diterjemahkan oleh Google) teman-teman

(Asli)
Kereeen"
Angelique Madaline,4,
Muchamad Zaenal Arifin,4,"(Diterjemahkan oleh Google) Wow luar biasa..

(Asli)
Wow.. amazing.."
Prasetya DanZkaReNur,5,Body rafting ajibbb keren luar biasa baraja
Muhamad Ropi Taofiq Hidayat,4,"tempatnya seru banget seger, dateng sama temen lebi seru lagi"
Nure Syaaba,4,"Slogan green canyon pangandaran ""taati prokesmu agar kami tetap buka"" haha keren loh
Mereka tegas. Tarif harga sudah tertera di loket tiket, jadi ga ada ""mafia"" â€¦"
Sugiyanta -,5,
Dewi Evirawati,5,
Yogaski,5,Bagus
Cancer Cute,5,
Arizal Mutaqin,5,
dini juwita,5,
Saepul Rahmat,5,
Yudhi Aldianno,5,Lebih baik kesini dimusim kemarau kalau musim hujan airnya keruh
Viqialan Pradana,4,
KOMARUDIN,5,luar biasa
Dian Murni Dwi Astuti,5,Tempatnya sejuk dengan pemandangan yang sangat indah.
Jivens Pangguary,5,
Ervy phy,5,Luar biasa
samsudin labora,4,
Andri Arini,4,
Muhammad Luqman,5,"(Diterjemahkan oleh Google) Tempat yang bagus

(Asli)
Great place"
Andang Eko,5,
Usman Dasuki,5,Asyik
Eddy,4,
C_084_Muhammad Kahfi,5,
Bharoto Utomo,5,Tempat yg luar biasa
Bagus Atmawan,5,
NISAU CHANIFA DINA,4,"Bagus tempatnya,  buat pecinta alam sangat di rekomendasi kan."
Ratu Traveling indonesia,5,Rekomended untuk wisatawan yang belum pernah kesini..hehehehe..â˜ºï¸â˜ºï¸â˜ºï¸ï¿½ â€¦
Transportasi Indonesia,5,"Green canyon sangat indah, pemandunya ramah semua dan memuaskan"
Dayeuhluhur,5,Lokasi mantap.. Enak huat reang di sungai
nasihun acoy,5,"Tempat wisatanya enak dan menantang, super sekali"
ieuaon,4,"(Diterjemahkan oleh Google) Huhu perjalananku petualanganku

(Asli) â€¦"
Etty Rohaeti,5,Sukaaa bgt jugaaaa
Kekey Channel,5,Kerenn
TAUFIQUR RAHMAN,4,Menegangkan
Mas Waseso,4,Bagus alami gak mahal
enggar lisharini,5,
042_ RivalNugraha,5,
Alan Sukarlan,1,"Janggala Body Rafting Green Canyon, cukang taneuh Pangandaran, mantaaapp/ bodyRafting Janggala, slalu memberikan pelayanan yang terbaik kepada para pengunjung, dan tentunyh slalu mengutamakan keselamatan para pengunjung, di waktu pengarungan/ inpo lebih lanjut, tlpn/ wa:082317983254"
gilang permana,4,
Jasmine Dessyana,4,
Ika Yuli Ayuningrum,5,
Masliek,5,Mantap
Ganjar Wahyudin,5,Green canyon is the best lah pokoknya
Tika Yulianti,4,
RAYA 28,5,
Lulu Nabila,5,Bagus
Teguh Kameswara,5,Seru
Koko Firmansyah,5,Indah pemandangannya
Irma Mariah,4,
Zoyazhafira Tahtazzani,4,Pas lagi air keruh
Nofiem Taufiqul Akbar,5,"(Diterjemahkan oleh Google) Pemandangan yang bagus guys

(Asli)
Good view guys"
Purnama Atmaja,4,bagus
Kang Iyan,5,
Yadi Suryadi,5,
nengrina sufarlina,5,Wisata air sangat mengesankan
Isep Saepuloh,5,
ZONAKOM JEPARA,5,Menantang....
Dimas Agustian,5,
Falleno Arzya saputra,5,
Ardi Aman Jaya,5,Ajib tempatnya
Aing Sikasep,5,
Anes,5,
Salmah Zainuddin,5,Menyenangkan pemandangannya indah
Nanda Azahra,5,Pengalaman yg sangat mengesankan
Frona Yudha,5,"(Diterjemahkan oleh Google) Keuntungan besar.....

(Asli)
Great advanture....."
Asep Igit,5,Keren...
Adnin Khoirunnisa,4,Sayang pas kesini nggaa hijau airnya abis hujan jadi keruh
Martin Robiyanto,5,Seru
ZONA Komputer,5,
Muhamad Kurniawan,5,Kalo kesini te malah inget makan di teh lilis trus. Terbaik pokonya ï¿½ â€¦
hani anissa,4,Seru.pelayan ğŸ‘ğŸ‘ â€¦
Dedy Heryanto,5,Oke
Ari Pratama,5,
Tanti Amaliah,5,
Anwar Sanusi,5,Mantap untuk liburan ï¿½ â€¦
Yulia Sari,5,"Super duper keren,,,1mlm gak cukuuppp,pengen balik lagi"
Budy Tanjung,5,
Abdul Mutaali,5,adem
Wahyu Setyawan,5,Mantap ....
Pangandaran 123,5,Pokonya mntap josss... Apalagi kalo body rafting dengan track yg panjang... Pokonya josssss
Nita Hermiyati,5,"(Diterjemahkan oleh Google) Serunya walaupun airnya berwarna coklat

(Asli) â€¦"
Empi Rohdiana,5,"(Diterjemahkan oleh Google) Hei ah ya

(Asli)
Hepy ah jaaa"
Redpromo Konveksi,5,
Rosdiana Anisa,5,"Keren banget sih, airnya jernih.. Seneng lihatnya.."
zheout mulder,5,"Selalu penasaran kalo ke pangandaran g naik perahu dlu k Green Canyon, perjalanan menyenangkan karena pengemudi perahu & rekannya ramah"""
Hilman Sayuti,5,"Seru, menyenangkan, mendebarkan..."
Jum dumadi,5,Wahana wisatanya sangat mantul
Zandal Cetakbrand,5,(Diterjemahkan oleh Google) Pengalaman luar biasa dan seperti tempat unik untuk berpetualang â€¦
devi rahma,5,"Seru buat yang suka kegiatan outdoor, bisa ambil paket body rafting yang bakal kasih experience baru berenang melawan arus di sungai dengan pemandangan stalaktit untuk sampai di meeting point. Lalu kembali ke titik awal tinggal ngikutin â€¦"
B' Zulkarnaen,5,Seruuuuuu
Eli Kurniasih,5,Body refting bagus buat refreshing
Adibba Tours,5,Juara banget destinasinya
Olih Ruslih,5,mantap .. naikkan adrenalin
Zamil Fthm,5,"Mantappp,"
WeBus Daily,5,Selalu menyenangkan bermain air
Rudi Virana,5,"Tempat outbound yang super duper keren..

Menguji adrenalin, cocok untuk liburan bersama teman atau pun keluarga besar â€¦"
SLAMET ARIYANTO,5,"(Diterjemahkan oleh Google) Tempatnya keren ..

(Asli)
Tempat nya sejuk.."
putri anisawahyu,5,Oke
Erwin Konsultan Keuangan,5,"(Diterjemahkan oleh Google) Sangat alami

(Asli)
Its so natural"
Nisa Saonah,5,
Arif Saripudin,4,
hanif tian,5,Keren
Bahrudin Abah,5,"Mantaps...
Body raftingnya wajib coba"
arhan tea,1,"Usul kang, coba sejenak memikirkan bagaimana susahnya pendatang untuk bisa sekedar sholat. Fasilitas ibadah sangat sangat sangat menyedihkan, tidak ada mushola apalagi masjid yang nyaman. Untung ada kios2 yang dijadikan tempat sholat. â€¦"
Lutfi Hakim,5,Bagus sekali banyak air dan pedagang
kang mans,4,
CHARITY berbagi,4,Seharusnya tiket parkir SDH include dgn tiket
Syifa Nuraeni,4,
Kuncung 7927,4,
Asep Rahmat,5,
Novanto,5,"(Diterjemahkan oleh Google) Bagus

(Asli)
Good"
Irma Dwidf aslamulloh,5,"(Diterjemahkan oleh Google) Kereeeeen

(Asli)
Kereeeen"
Aidin never arrogant,5,
mohamad zullianto,5,Wuih... keren pisan.... rugi kalau ada yg belum pernah ke sini.. sebelum ke sini cocoknya tanya dulu ke pengelola kondisi airnya seperti apa? bagusnya kalau tidak pad musim hujan..
Andi Shaumri,5,mangagumkan apa yg terlihat
Eli Setiawan,5,
Arif Makmur,5,Asyik yg mau body rafting sungai nya menantang dan bagus view nya
Adwan Aidaleya,5,Barata Rafting ğŸ‘ğŸ‘ â€¦
GADO2 CHANEL,4,
Kang Utuy,4,"Lumayan, wisata alamnya"
Slamet Gunawantoro,4,Pesona sungai dan tebing yang indah.
Fauzi Marjalih,5,Keren! Puas pokoknya!
Dani Ceple,5,Baru pertama kali kesini cukup membuat terkesan
Heri Purnomo,4,bagus
Citra Wulan,5,
Ahmad Tajudin,5,Elfi selfi
bemby ab,5,tempat wisata alam indah sekali
Baby Marcel,5,
Zullianto Cahyadi,5,Keren pisan euy... puas melihat masih ada wisata alam yg seperti ini...
Kardi Ardi,5,Lokasi strategis...pinggir jalan ..parkir luas..jam buka sesuai jam ..mulai jam 08.00. sdh bisa naik  perahu menuju  air pancuran..dengan  pemandangan  di sepanjang bibir sungai yg indah...
Miraj Sopyandi,5,
Oemdis Family,5,
Heri Heryana,4,
Noryani,5,
Ardi Rakasiwi,5,Wisata air yang menakjubkan
Noor ÅšÃ½Ã£m,5,Bagus Banget
haryo gunawan,5,"Alhamdulillaah..
Mantap diajak kaka ipar dan teteh evi.
Seruu seruu.."
Hanna Nurul Husna,5,
Abah Maulana,1,
Zahra Hasna,5,
teni febriani,5,
Dadan Klb,3,
Zaenal Arifin,5,
toto torip firdaus,5,Indah nya ukiran sang pencipta
Dede Suryana,5,
Ani Andelani,5,Pokonya keren mantap..
Martinie Adja,4,"cocok untuk yang senang wisata bahari,"
Adep Gunawan,4,
sukma restri,5,"(Diterjemahkan oleh Google) Fyi HTM Green Canyon nih guysss

(Asli) â€¦"
Gimhot Pasaribu,5,
Tri Bayu Dwinanto,4,Body Rafting mantap.. pakai rute paling panjang 3km selama 4 jam..
Gun Gun Nugraha,5,Mantap
Guus Driessen,4,
Juwaeriyah,5,Sangat menakjubkan dan seruuuu
Irham Aveiro,5,
Karliya Liya,5,Alhamdulillah puas banget ..wisata alam yg menantang adrenalin.
Eka Kusumawati,5,"(Diterjemahkan oleh Google) Luar biasa pokoknya.... terbaik

(Asli) â€¦"
Rizka AA Lestari,4,"Bagus kalo datengnya musim panas, ga rekomen kalo lagi musim ujan datengnya. Jadi Brown Canyon nanti"
Citumang Bodyrafting,5,sangat menyenangkan
Ilan Jaelani,5,
nonni rachmadania,5,
agus bambang,5,
Lis Setiadi,5,Pengalaman baru. Harga termasuk terjangakau untuk paket wisata menyusuri sungai yg Indah.
dika putra,5,
exr_ official,5,Bagus
Iim Drh,5,"Alamnya bagus, berpacu adrenalin, bagi yang suka berpetualang sangat cocok, keren"
Hasanudin Bin Nurjali,4,Mantap
karman,5,Mantap lah dan bikin dek dekan baru soalnya naik perahu
Jajang Maulana,5,
Satya Rahadhian,5,
Andri Widodo,5,Keren
Ramih Moy,5,"(Diterjemahkan oleh Google) Sangat cantik

(Asli)
So beautiful"
Dani Wardani,5,Mantaps
Muhamad Tofik Nur Hidayat,5,
paulus rambi,5,Terjamin aman
Endaulina Putri,5,
Duriat 10,5,
Sheptia â€œAanâ€ Rissanhadie,5,Jalan menuju green canyon terasa jauuh sekali dari bogor... Tp puassss setelah sampai sana... Subhanallah.. kerenn bgtğŸ‘ â€¦
Indra Zheoutmulder,5,Sangat menyenangkan karena pas kesana air nya hijau g keruh
Sandy Adika S,5,Mantap. Pemandangannya bagus sekali. Kita diminta menyusuri sungai menggunakan perahu lalu melewati gua dgn air terjun
masduqi arifani,4,
indra gautama,5,Mantap pengalaman body rafting nyaaa memacu adrenalin
Teguh Utama,5,Mantap
Sir Raharjo,4,menarik.. biaya utk naik perahu cukup terjangkau. perahu juga dilengkapi pelampung
Nikmah WN,5,
Nugraha,5,Salah satu tempat wajib dikunjungi saat berwisata ke Pangandaran
Toni Muchtar,5,
Aryad1 Fauzan20,5,Keren Kamg
Wawan Kurniawan,5,
Mozan.febrian Febrian,5,Bagus buat wisata
Sujadi Jaya Hartono,5,Mantap
Esti Haryanti,4,Masih tetap indah seperti di tahun 2002
Rambo Triyadi,5,Menikmati pemandangan kars dengan main air
tiur butar butar,5,
Silvia putri aulia,5,
AT Ozie,5,"(Diterjemahkan oleh Google) Rumahku Surgaku

(Asli)
Home sweet home"
ARDIAN,5,"(Diterjemahkan oleh Google) Hijau n Segar

(Asli)
Green n Fresh"
Ariswan Boehel,3,Sangat mempesona keindahanya
Ferdi,5,Mantat
Dian Mulyani,5,"Pengalaman yang sangat menyenangkanğŸ‘ pemandunya sangat sopan & baik sekali...pokoknya harus nyoba gaiiiisss, pemandangan nya top bange â€¦"
Deni Achmad,5,perlu ada inovasi baru
Nurlaeli Muzazanah,5,"Mantsp, puas main disini ï¿½ â€¦"
Fhariz,5,"(Diterjemahkan oleh Google) Liburan terbaik

(Asli)
The best vacation"
yovan moch.riezdky,5,Ambil trek dari ujung
Sock Chan Ju,4,
Fitrin Ramadini,4,
Alfin RA,5,Di Musim hujan warna airnya tetap hijau toska
Catur Widya Andini,5,"(Diterjemahkan oleh Google) Pandangan luar biasa

(Asli)
Extraordinary views"
Rizki Adrian,5,
nia karniawati,5,"(Diterjemahkan oleh Google) kereeennn

(Asli)
Kereeennn"
Qilam maliQ,5,"(Diterjemahkan oleh Google) Subhanalloh, indah, sangat indah, enak, sangat dingin, saya kagum ...... â€¦"
Wiwi Widiawaty,5,Wow keren popoknya bisa naik perahu dan cukang taneuh
eco suryanto,5,"Pas datang lagi cerah, airnya hijau, pemandangannya sejuk, sungainya mak nyasar, nagih pokoknya..."
indra triadhi,5,
Green Canyon Tour,5,
Yanto Waryanto,5,Bagus.... Mantap.... Alami....
Sambas firdaus,4,
adi plat AD,4,Sayangnya waktu terbatas... gak bisa ikut paket 5 jam menyusuri tebing
yuniantoheru santosa,5,Pengalaman menarik melihat stalaktit dan berenang di air yg jernih
Bagus Firmansjach,4,Bagus pemandangannya...wisata perahu di sungai...adem...
Rinaldi Helmi,5,Diawali dgn reservasi paket yg diuraikan oleh pihak Wisata GC... Disambut dgn sangat baik oleh personil yg bertemu dgn kami... Lanjut uraian mengenai apa yg akan dilalukan pada saat body rafting dgn detail. â€¦
Kosasih Engkos,1,"(Diterjemahkan oleh Google) Bagus

(Asli)
Nice"
Sendi Setiawan,5,
Dadan Taupikurohman01112000,5,
Siti Masruroh Bariz,5,
siti nurul,4,
Beni Sarbini,5,"Saya sering belanja online dan mengirimkan alamat sesuai Google Map. Kurir yang antar barang belanjaan saya tidak kesulitan mencari alamat saya, walaupun harus bertanya dengan orang sekitar rumah."
Aris Hartaman,5,Indah sepanjang perjalanan menggunakan perahu berasa bukan di pangandaran tp di grand Canyon beneran
Ria Fitriyani,5,"Bagus bgt tempatnya,  guide body raftingnya juga ramah."
Fanji Ibrahim,5,
Ajeng Calia,5,
Wahyu Ika,5,
Fransiska Mita,5,
Ikbal 59 Ikbal,5,Mantap
holid ajj,5,Indah dan bagus puas banget
the journey,5,MasyaAllah keren pisan... Salah satu tempat wisata recommended bangett untuk liburan â€¦
Wati Winga,5,"(Diterjemahkan oleh Google) tempat yang bagus bahkan jauh dari rumah hahaha

(Asli) â€¦"
Ale Muhaemin,5,
Taufik Jaelani,5,seru dan uji andrenalin
Uba Syafarudin,5,"Mantaab fenomena alam, Masya Allah"
kiki ariawan,5,"Pemandangan bagus, tempat yang menyenangkan. Lebih senang jika arus air'a tidak terlalu deras karena kalau deras butuh perjuangan untuk menuju atas (hulu) itu kalau setengah body rafting, jika full body rafting enak karena langsung ngikutin arus air."
Supriyatno Turino,4,"Sayang saat berkunjung musim hujan, jadi airnya agak meluap dan warnanya coklat karena campur tanah. Sebaiknya waktu berkunjung jangan disaat musim hujan.
Sebagai masukan untuk pengelola pelampung jangan hanya untuk yang bodyrapting â€¦"
andri irwan,4,"(Diterjemahkan oleh Google) Salah satu keajaiban alam dengan ekosistem tropis yang memikat mata tak tertandingi. Nikmati petualangan eksotis di sini, jangan lupa membawa baju ganti karena Anda tidak bisa menahan keinginan untuk membenamkan â€¦"
alta Rega,3,Bagus
Fitri Arum Sari,5,
santirah river tubing,5,"Mantap, alam yang sangat indah."
Hillarius Ng Merro,4,
Christy Michiko,5,"(Diterjemahkan oleh Google) tempat yang menakjubkan dan indah beautiful

(Asli) â€¦"
Panji Hanafiah,5,Pemandangannya mantap pemandunya juga baik
Yusuf Caesar,5,"Rafting pas abis hujan. Jadinya brown canyon, bukan green. Arus pas deras. Tapi pengalaman luar biasa. Hanya buat pemberani"
opiq taopiq,5,
Teddy Tonny,4,"Harus liat cuaca sehari sebelumnya klo mau kesini,klo hujan air jadi keruh"
Wa Ajeng,5,"Ga terlalu sepi, wlopun covid. Masih ada pengunjung"
arianto anto,5,Destinasi alam yang sangat indah dimana kekuatan air dapat membelah bukit sehingga tercipta suasana yang menakjubkan
shomad abdul,5,Mamtab jiwa
Abu Ubaidillah Sjuhada,4,Suka
Winda Nda,4,"Karena udh hujan jd airnya keruh,, tpi lumayan seru"
Elisa Saragih,5,Seru
Icut Anisa,5,Kerem
Liaw Aykian,5,
Laella Ramadhan,5,
SRI WAHYUNI,5,Seru... Ndak nyesel kalau kesini...
Liem Anie,5,Tempatnya bagus dn indah
gilby hadiyana,4,seru banget body rafting di green canyon pangandaran
Desita Ulfa,5,
FD Lur,5,"Wisata alam sungai yang masih alami, dikelilingi rimbunnya hutan"
kholilah nur,5,dengan pemandangan yg sangat indah dn sangat wow terbayar rasa lelah yg amat sangat
Wali Zee,3,
Anggun Salma Fauziah,3,
utami anugraheni,5,
zulfa zakiyah,5,"Viewnya baguuss, mantappp"
Afifah Taqiyuddin,5,
uema doank,5,
Jruns Jars,4,
tamil arif,5,
AYUNDA PUSPITA NINGRUM,4,
Dimas Bayu Himawan,5,
muchio A,5,Super mantap
nanang fathur,4,"Awalnya santai tp lama"" menegangkan"
Wandy Doank,5,"Tempat yg recommended. Paket perahu tanpa renang 200K 45 menit, Paket perahu dan renang 400K 1 jam, full paket 600 K include makan siang"
abudzar,5,"(Diterjemahkan oleh Google) Waw..tempat yang luar biasa

(Asli)
Waw.. amazing place"
Kampung Leuit,5,"(Diterjemahkan oleh Google) Oke

(Asli)
Ok"
Fajar Adi Nugroho,5,
Dyansyah Syah,5,
tri novitarini,5,Seru banget main kesini walo gak nyemplung. Tapi bisa liat sungai yg segerrr dan alam yg masih ijo2 plus batu2 sungainya yg gede2 bagus banget.
ABE HIC TRAVEL,5,"Mantap, pokoknyabharus cba main ksini, tapinusahakan pas cuacanya ga ujan, biar mantap"
Cabay Iskandar,5,Anugrah alam indonesia.
Nte 02,5,
Andi Septian,5,
MDL Homestay,5,"(Diterjemahkan oleh Google) Direkomendasikan...

(Asli)
Recomendit..."
FIFI FRILYA ESTEFANI,5,Tempatnya keren banget gilaaa
Nikolas Adi Budi Utomo,5,
Ujang sutiana,5,"Takkan ada rasa bosan main di green canyon , selain pemandangannya yg indah tapi petualangannya sangan seru."
mr slam,5,Pemandangannya keren. Raftingnya seru
Imania Najmuna,4,"Naik perahu, satu perahu enam orang. Sayang, airnya coklat karna lagi musim hujan."
YANA MULYANA,5,BAGUS TERMINAL SUDAH DIRENOVASI WARUNG SUDAH LEBIH TERTATA
Suprikhatin Amir,4,Alhamdulillah bisa berenang juga menikmati sejuknya air sungai yg jernih
Kartika Rianawati,5,"(Diterjemahkan oleh Google) Keerrrrreeeeen banget

(Asli)
Keerrrrrreeeeeen bangets"
ari rahman sadega,5,"Bagus tempatnya, sayang pas kesana airnya lagi keruh hehe"
Gunawan Kusnadi,5,
Andri Megajaya,5,
Geri Agustimara,3,Ngeri ngeri sedap ï¿½ â€¦
Nur Yati,5,Seneng menjelajahi area sungai nya
Anas Almuhtada,5,
supriatman mutaqien,5,
hary fridayanto,5,
Winda Way,5,tempatnya bagus...pemandangannya...adrenalin pun ada ktika naik kapal dsana....
Silkitte Hawke,5,"(Diterjemahkan oleh Google) Sayangnya saya pergi ke sini saat air pasang :(

(Asli) â€¦"
ICHA TRANS TRAVEL N TOUR,5,Tempat wisatanya bagus
Wida Inong,4,Datang air nya sedang tidak bagus
Lugia Faturahman,2,Sayang ketika kesana tempat tersebut sedang turup karena cuaca yg kurang baik
Faizal Rohmat,4,"(Diterjemahkan oleh Google) Oke

(Asli)
OK"
Kikyyy Handayani,5,"Kereeeennnn bangeettt bakalan ketagihan buat loncat di batu payungnya, klo mau datang usahakan di musim panas biar airnya green ï¿½ â€¦"
Khairul Huda,4,Sangat eksotis sebagai sebuah Maha Karya dari Yang Maha Pencipta
savira bokatje,5,
Hendrawan Hidayat,5,
Abdan Kaban,5,
Devit Latif,5,"Pelayanan mantabb, thanx kang atas jamuannya"
Eka Nugroho,5,"(Diterjemahkan oleh Google) Nikmati di perjalanan sungai

(Asli)
Enjoy in the river trip"
Suryati Chanel,4,"Tempatnya sejuk, indah...airnya jernih banget....ğŸ¥°ï¿½ â€¦"
Sakti Nalendra,4,
Imbuh Sumijah,4,
dedy rohendi,5,
Rizky Muhammad Fadilah,5,"(Diterjemahkan oleh Google) aku mencintaimu

(Asli)
Enakeuun"
Ari Hariyanto,4,"Waktu sy berkunjung disana kebetulan air sesang meluap,karana hujan deras.jadi sy sedikit kecewa,mungkin nanti akan kembali lagi."
Achmad Yuhnizar,5,"Guysss KALO KALIAN KESINI INSYAALLAH GA NYESEL. Beneran.... Beneran.... mungkin ini yang paling mahal buat Body Rafting di wilayah Pangandaran, tapi dengan uang yang dikeluarin 200 ribu/pax buat Body Rafting di Green Canyon tuh kaya â€¦"
kiki abdurrouf,5,Subhanallah indah sekali .. cobain trek paling panjang.. biar puas .. hehehe
Andi Pamungkas,5,Bagus
Imam Setiyadi,5,"Wisata alam dan air di Kabupaten Pangandaran, tempat sejuk, alami bikin betah berlama lama"
Deden Ondara,5,
Dadang Udaya,5,Berpetualang menyulusuri air sungai yang seruuu dan mengasyikan.
Yana Bonwie,5,Mntap
Fendy Gantari,5,Mengesankan menyegarkan menkjubkan .sangat rekomendasi untuk ke sana lagi.
Seng tarakanalada,5,Mantap wisata alam yang kerennnn
batulumpang garden,4,Mantappp
halloo fai,4,Memang keren cuman dari segi safety kurang maksimal
Seamiki Seamiki,5,"(Diterjemahkan oleh Google) Tempat yang bagus, alam yang luar biasa bebas dari polusi. Berharap mereka tebu tetap begitu bagus. â€¦"
Kembang Carita,5,Save karena pemandunya baik-baik
Indar Prianto Tri Wicaksono,5,Kesini pas lgi musim hujan aernya coklat. Buat pengalaman aja jgn kesini kalo lgi musim hujan karna airnya meluap dan coklat warnanya. Bahkan bisa ditutup karna terlalu berbahaya.
Ayu Maharani,4,
Hilman Maulana,5,
Ccucukami Mom's,4,Suasananya sepi...tapi pemandangannya bagus. Cocoklah buat refreshing dan para pecinta alam
syeni novianti,5,"Ekstrim banget buat saya, seperti mimpi yang enggak akan berakhir, ï¿½ â€¦"
kangagun,5,"Peresmian dermaga 2 bersama BI Jabar, semoga dpt mewujudkan mimpi lama menjadikan desa kertayasa menjadi ivon terbaik desawisata nusantara"
Wilda Auliawati,4,
Ben Pinter,5,Body Rafting lumayan bikin pegel tapi seruuu
Sandra Moniaga,5,"(Diterjemahkan oleh Google) Terima kasih Kang Dede, Kang Hendrayana dan Kang Yayan atas pelayanan yang baik. Terima kasih kepada seluruh warga desa dan pengelola body rafting, boat dll di Green Canyon yang telah menjaga kelestarian Sungai â€¦"
mostafa nabil,3,
yumnayl4,5,ok lah...
Agung Supriyanto,5,"Sungainya Bersih dan berwarna Hijau.... ğŸ˜ğŸ˜

Recommended, buat liburan keluar â€¦"
Gunawan Gunawan,5,
Ricky Prahatama,4,
Enjang Evi Saepulloh,4,"Tempat nya sangat indah tapi batu ditempat loncatnya licin, kepala saya hampir kejedot batu ketika loncat"
Lidya Surya Meutia Sutrisno,5,
Jogi Permadiono,5,"(Diterjemahkan oleh Google) mantaaaapppp

(Asli)
Mantaaaapppp"
Mr. Hoe,5,Bagus
dian hermawan,5,
Muzhir Ihsan,5,Sangat exited dan indah
Fitri Agmavilia,5,"sangat indah, untuk masuk ada yang 200k/perahu, 300k/perahu (sampai batu payung + berenang) dan 400k/perahu (sampai ke dalam). saran saya, gunakan pelindung anti air untuk alat elektronik (case anti air untuk hp) atau jika membawa banyak barang berharga gunakan Dry Bag. Have Fun!"
Hanny Haryani,5,
hardi erdiyaman,4,Green canyon yang di suguhi pemandangan dan wahana body rafting sangat berkesan
Nurmaya Prahatmaja,5,"(Diterjemahkan oleh Google) Luar biasa, Indonesia yang indah!

(Asli) â€¦"
Serafica Megazania,5,
gaz gez,5,
Eka Husna Hanifah,5,
Nur Wahyuni,5,
Sheila Dyah_,4,
mas arif,5,
iwan achmad,5,
Dewa Sukawirawan,5,
Eko hadi Sutedjo (Eko),5,Luar biasa
wawan banjar91,5,Siapkan adrenalin andaï¿½ â€¦
Amal Kuota TV,5,
ayah sugriwan,5,"Sdh terkoordinir dan terorganisir dengan baik, walau masih ada beberapa calo untuk menawarkan perahu dengan harga lebih mahal dari harga resmi pengelola."
Ayu Rosemarie,4,
Wawa Ajul,5,
Shinta LAKHSMI LESTARI,5,"(Diterjemahkan oleh Google) Tempat yang luar biasa

(Asli)
Magnificent place"
Andi Andi,4,Mantap
Ahmad Jaelani sidik,5,Mantul
Is Win,5,
Agung Said,5,Gada bosen2nya datang ke sini
Ridho Novrian,5,KEREEN tapi jangan kesini kalo abis ujan
PRODTAS TUTOR (dhafnahasatasku),4,
Qobul Edwi,5,"Pengalaman yang luar biasa, lebih baik datang di jam 9-10 pagi"
Dedi M Adil,5,"Asri alami,sayang tempat parkirnya becek"
Siti Nuraisyah,5,"Seru, apalagi kalo rombongan. tempat oke.
Jadi alternarif kalo mau bodyrafting minim budget
Udah harga paketan, body rafting + makan liwet 125k .. â€¦"
Sopha Chandra Marthoni,5,"Berwisata ke pangandaran wajib kunjungi tempat ini. Nggak ada calo, semua terbuka soal harga dan parkir. Pasti datang lagi kalo lewat sini."
Aris MahessA,5,
sanni sufiani,4,
Dissa Miranda,5,
Adah Rodiyah,5,"Seru... cocok tuk uji adrenalin anak cucu..
Terimakasih tuk pelayanannya keren kompak..."
Dede ana Sumarna,5,
Sahaludin Pangandaran,5,Luar biasa
Agatha Christie,5,
Nisa Symbian,5,"Body rafting yg sangat seru & ekstrim but worth to try.. Untuk ke sungai nya harus jalan melewati lembah dgn pepohonan di sekelilingnya & cukup jauh. Kami di sana kemarin saat arus sungai deras karena musim hujan, kemudian harus menyebrang â€¦"
rudy chelsea,5,Sangat2 bagus .....
Sugih Sp,5,
Doni Dafkaff,5,"airnya seger sekali, sungainya bersih terawat
perahu pemandunya banyak tersedia
akang"" pemandunya juga terampil dlm mengambil moment"" indah buat pengunjungnya
mdh""han cukang taneuh abadi"
Bang Rt,4,"Keren tempat nya, jauh nya jarak tp terbayar kan dengan suasana alam nya.. Sayang pas abis turun ujan, jd air nya coklat"
iis Quraesin,5,Satu kata....kereeeeenn
SWCS IDN,5,"(Diterjemahkan oleh Google) Tempat yang indah. Bersih, hijau, alam yang luar biasa yang terbaik. â€¦"
Jefriyanto Budikafa,4,Perawatan sekitar sungai perlu diperhatikan lagi demi keamanan bersama ğŸ‘ â€¦
Yuki Archi,4,"(Diterjemahkan oleh Google) Bagus

(Asli)
Good"
D Visuel,5,
Widiana H,5,"Sebetulnya ini experience yg ok. Cuma karena saya udh lama ga olahraga. Jd berasa beraaaaaat banget Rafting di sini. Buat yg hoby bertualang, rafting di sini sih lumayan asik"
Ayu Sintia,5,
Arief Mustakim,5,Ok banget
Bayu Pratama,5,Sudah lebih dari 6 kali tetep salah satu rekreasi yang must to do di Pangandaran
Dikki Anggar,5,Seru
HELGA TAMARA,5,"Pesona green canyon emang ga akan terlupakan walaupun hampir kelelep,,,hahaha"
kelvhrt._,5,
herdian,5,Sangat jernih & memuaskan
Muhammad Fikri Ahzami Ahzami,5,
M H Ardhan,5,"Tempatnya bagus banget, cocok buat liburan bareng keluarga maupun teman, harga wahana perahu sama renangnya cukup terjangkau"
Jawir Green Canyon,5,
Dhani Sugiharto,5,
Ani Susilowati,5,
akhmad syukron,5,Tempat yg nyaman buat liburan beserta klrga
Adi Bagus Santosa,5,Anak anak pasti suka..para orang tua pun
Rino S. Wartono,4,
Fitram Novian,5,Seru dan pengen lama-lama jadinya
Hermawan Suganda,4,
Septian Nugraha,5,
yaya mulyati,5,Subhanallah kekuasaan Allah
Yunan Fahlefi,5,
M fikri Fajrul M,5,
Fitram Novian,5,"(Diterjemahkan oleh Google) Asik banget main disini

(Asli) â€¦"
Bela Nurul Fadila,5,
Ade maman Sulaeman,4,Pertama kesitu waktu perpisahan kelas waktu sma. Dah 20 tahun baru kesitu lagi. Ga banyak perubahan
BULE BLACK,5,
Chicken Chick,5,"Wisata air yg asyik dan menantang adrenalin,,"
Mochammad Burhanuddin,5,
arif rahmanhakim,5,
wiworo budiarso,3,
Audrivo Mourenata Kofa,5,
Yuli Harjanti,5,Pengalaman seru main basah2an
yusuf akbar,5,Gak bosen2 aq ke sini
M Asep Hidayat,3,Tempatnya sdh tidak seperti dulu LG...dan fasilitas dg harga yg semakin naik setiap musim kurang setara...harus banyak di benahi...
Yusran Pare,3,
Joy 87,5,Mantapp
Ari Nurizki saputra,4,"(Diterjemahkan oleh Google) Rekomendasi kapal di Pangandaran ;)

(Asli) â€¦"
Lian Ardika,5,
riyanti ria,5,
vansclub evan,4,"Bagus
Tapi mahal"
bademo edan,5,
Dini N,5,
muhamad yasin,5,"Kalau air lagi naik,mending urungkan niat untk digrand canyon,mending pas air surut dan yang bisa berenang"
sabah orist,4,(Diterjemahkan oleh Google) lakukan penjelajahan sungai untuk melihat dan melakukan pemandangan yang berbeda. â€¦
Wawan Setiawan,5,Tiket nya 200 k untu satu sampan / 6 orang
Cucu Cahya,3,Jalan nya jelek
Putri User,5,
Iwan Pramesti Anwar,5,Tempat keren
goest 85,5,Lumayan buat adventure
Aries Tama Juliawan,5,Jauh tapi puas
Dendy Melody,5,"Memuaskan, walaupun beberapa bagian terbilang cukup extreme tapi berlibur kesini sangat menyenangkan, kita berasa berbaur dengan alam yang menawarkan keindahan. Mau bersama keluarga, pacar ataupun rombongan wajib nih sekali-kali berkunjung kesini dan nikmati segala keindahannya."
Rachmat Kurniadi Anam,4,Seru
Aty Sas,5,"Saya baru coba curug Naga, harusnya bisa ke curug barong juga tapi sayangnya udah gak kuat  nahan dinginnya, dinginnya itu rasanya langsung masuk ke tulang2 haha. Tapi keren banget, dan cukup menangtang track nya, bebatuan besar. Kalo kamu â€¦"
la rashida,4,
Usman abdillah Usman,5,
Okto encha,5,Mantab banget... very beautiful place...
Mariia Ulfah,5,
Sunandar Hilda Fairuz,1,0 bintang ...kecewa bgt
Pendi Aress,5,Lelah saat menuju starf point karena harus naik turun bukit untuk menuju hulu sungai terbayar lunas oleh keindahan alam green canyon yang menakjubkan. Kami memilih jarak 2 km spy ga terlalu jauh karena ada 4 orang anak2 usia 4-8 yg ikut. â€¦
N die,5,"(Diterjemahkan oleh Google) Panorama yang indah

(Asli)
Beautiful panorama"
anto dwiputra,5,
Eka Ferceka,5,"(Diterjemahkan oleh Google) Viewnya kereeennn

(Asli)
Viewnya kereeennnn"
Deri Asmara,5,Atuda mantaaaap... ï¿½ â€¦
Ahdan sulaha (Bouels),5,
Pramudya,4,"(Diterjemahkan oleh Google) tempat yang bagus untuk menemukan kebahagiaan....

(Asli) â€¦"
Bobby Syafrudin,5,Seruuu.. Kalau mau ke sana cek dl ke vendor/operator nya airnya lagi bagus atau engga. Jangan lupa bawa case hp yg waterproof biar foto2 nya lebih keren
Anggara AchnX,5,"(Diterjemahkan oleh Google) Dunia air Jurassic

(Asli)
Jurassic water world"
Gumilar Darajat,5,
Pramukawati,4,"Baguss, airnya jenrihh.. Hijau nya karena plankton. Bukan ijo keruh kotor ya. Perkapal 200ribu isi max 6 orang"
Robbi Permana,5,
noerjaya saputra,5,
Nursahidin Saefudin,4,Recommended banget nih buat melepas lelah selama di kota
Muhammad Okta,5,Sungguh menarik lokasinya dan dah sat tangtanganya
Fajar Priatmodjo,5,Wonderland Pangandaran
Ika aqeela,5,"Wisata keren dan memacu andrenalin, paket body rafting.....luar biasaaaa"
A_ iWan,5,Bagus pelayanan parkir n warung nya ramah2 harga makan di warung jg wajar.
Thrie Mulyani,5,"(Diterjemahkan oleh Google) teman-teman

(Asli)
Kereeen"
Adiarto Rxz,5,"(Diterjemahkan oleh Google) Suka sekali

(Asli)
Love it"
dinny astuti,5,"Seru abissss  . .... recomended
Lifeguard nya ramah2..sabar..."
Sri ayuati,5,"keren, seru"
Abi Anwar,5,
herozuku,5,
Camel Turqish,5,
Treecy Damayanti,5,
Fahrurozi Arisuryana,5,
Ayie Biru,4,good view !!pengalaman yg menyenangkan menyusuri sungai
joko lanange jagat joko,2,Seru warungnya di atas tebing kalo pesen makanan di kerek sampe bawah ..
Uud Agustina,5,Asyik.. Puas sekali..
Muhammad Mahrus,3,
Hastutik ms,5,Pas kesini tutup kondisi tidak terawat sdh 1 bulan lebih
Teten Rusmana,4,Bagus
Naufal Junanda,5,
Tata Ramdani,4,
kps unay,5,"Sangat Natural, indah sekali"
Hidayat Keraton,5,mantap tempatyah
Novs 0402,5,
Nurdin Shoful kodariyyah,5,bagus
solah vanjava,5,"(Diterjemahkan oleh Google) Tempat yang luar biasa

(Asli)
Amazing place"
ambu PM,5,"menguji adrenalin dgn body rafting di green canyon (cukang taneuh)
Body rafting di green canyon 200rb/pax tanpa makan. 225rb/pax + makan.
Anak dgn dewasa tiket sama, krn perlu effort lebih utk menjaga anak. â€¦"
Cszahreynezi Medicina,5,
Mela Nurlela,5,"Love it, adventure paling memacu adrenalin, kesini pas lagi deras2 nya arus, air yang biasanya biru sekarang jadi agak hijau. Bayar paket 400 rb per perahu, 1 perahu max 6 orang sampai ke pemandian putri, jalur nya luar biasa. Pemandu nya sabar banget."
Dedi Supriadi,5,"Masya Alloh....tempatnya indah sekali. Nanti lagi nyoba body rafting, kayanya lebih menantang.ï¿½ â€¦"
Taufik Syofyan,5,Wisata alam yg sangat bagus tempatnya.kl bisa pemda setempat memperbaharui biayanya. Agak diturunkan sedikit atau agak fleksibel masalah biaya
Mr. Rozak,5,"(Diterjemahkan oleh Google) Itu bagus dan keren

(Asli)
Enak dan sejuk"
Ani Choirunisa,5,
Shakti Ahmadi,5,Seru dan adeeemmm...
Abdul Malik Oktario Gufandri,4,
Gita Hergiani Gunawan,5,
R Azarya P Pastika,5,"(Diterjemahkan oleh Google) Perjalanan yang menyenangkan, staf profesional.

(Asli) â€¦"
Sahabat Arli Kurnia,5,ï¿½ â€¦
siti masitoh,5,Kereeen tempat nya
Seftian Aji Sathiva,5,Seru Maen Body Rafting
muhtarom cilacap,5,Tempatnya bagus nggak sia2 datang dari jateng ke jabar untung saja jalannya bagus tapi sayangnya datangnya pas air lagi keruh
leutak chanel,5,"Green Canyon adalah salah satu tempat wisata yg cukup populer, gak percaya coba aja kesini dan nikmati lah keindahan alam nya... INGAT!! ..green canyon itu surganya dunia yg tersembunyi."
indah try anandhini,5,
Sulasno SMP N 3 GAMA,5,Tempat yg unik dan indah
Agung Budi Hidayat,5,
Fitriani Dewi,5,
Anandhika Arifianto,5,
Lukman Saputra,5,
Rifky Gibran,5,
Nur Aini Rihhadatulaisy,5,
Arik Dido,4,
Muhammad Elza Anantama,4,Pukul 11.09 terpantau lancar
Ordinary Life,5,Pernah kesini beberapa tahun lalu sekeluarga ... Seru ..air nya dingin hehe
wandi garnida,5,
Widdy Maulani Rohaedi,5,Bagus banget viewnya buat poto2 . Tp kmren d saranin klo nyelemin tangan dikit aja ktnya bayar 100k. Jadi mending jngn iseng nyelemin tangan. Kecuali emng mo nyebur ^^
Rizky riansyah,5,Nyaman dan kerenn
Bone Tsabesa,4,lebih ditata lagi...
Dede Kurnia,5,
Rizky Saputra Attmaja,5,"Tempat Wisata yang bagus, pemandangan nya bagus, Pelayanan di tempat wisata nya pun baik dan ramah. Sangat rekomendasi utk berlibur di tempat wisata ini."
Bramantio Aryo Arsyad,5,
AZWAR,5,
Edward Hutapea,5,Seru....sangat menikmati adventure nya.
Tina Sukirman,5,Fantastis
durahman -,3,"Lingkungan kurang tertata rapih, pasum toilet kumuh ,..perlu revitalisasi penataan ke arah yg lebih baik.lahi"
ahmad kurniawan,5,"(Diterjemahkan oleh Google) Bagus

(Asli)
Good"
neng sumyati,5,
Alvino Kenari,5,Mantab
Christian Novanto,5,"Tempat nya bagus harga tiket 200rb buat 6-7 org
Datang wajib di musim kemarau airnya jernih"
Vairuza Avika,5,
stefen rudiyanto,5,
Atep Suprianto,5,Mantap .. cuman calo harus nya di basmi.. harus nya cuman 400 jadi 750rb
RGNR Lothbrok,5,
nila lestari,4,Pengalaman naik perahu menuju teuing green Canyon sangat menyenangkan.
diky yudho prayitno,5,"(Diterjemahkan oleh Google) Bepergian

(Asli)
Traveling"
Widiyanto,5,Pesona alam yang memukau
Mey Tiganna chanel,5,Tempat nya menyenangkan
Akmal Alam,5,
gunawan cepi,5,Mantap
Elis Dahliawati,5,
MS Moch,5,
Ridwan Shiddiq,4,
citra kusuma dewi,5,
Ayu Amelia,5,nagih kesana lagi ğŸ˜ bagus bange â€¦
Nedha bedha,5,"Bagus menyenangkan,liburannya jadi berkesan.pokoknya the best dah"
Ahmad Naskholik,3,"Buat kalian yg mau seruÂ²an bareng temenÂ²,ini rekomen bgt,tp harus sediain dana lebih ï¿½ â€¦"
Kurakura Production57,5,Wisata alam gren canyon sangat cocok untuk piknik keluarga anda udaranya sejuk nan asri.
siti jenab,5,"Tempatnya indah,  lebih bagus klu datangnya dimusim kemarau"
Zen al Qien,5,Tempatnya asik.. siap basah-basah jika ingin lebih berkesan .. pak tukang perahunya ramah dan membantu menjelaskan lokasi yg bagus untuk berfoto ria.. akses menuju lokasi cukup mudah..ikuti Google Map saja.. ketik green canyon..   parkir mobil cukup luas..jumlah perahu cukup banyak.. tarif sewa perahu 200 ribu bisa untuk 6-7 orang..
Driamita Apriyanti,4,
Joko Nurcahyo,5,Recommended banget liburan di sini. Top
didi mulyawan,5,"(Diterjemahkan oleh Google) Tempat yang bagus untuk bersantai

(Asli)
Nice place for relaxing"
Ramayana Ramayana,5,"(Diterjemahkan oleh Google) Manstaps .....

(Asli)
Manstaps....."
Ashhabul Kahfi,5,
Adhe Haeruman,5,Mantep
Oce Banjar,4,
Yohanes Nathannael,5,"Waktu masih umur 8 tahun saya pernah kesini,sungai nya gede banget sih,terus kalo mau masuk gw saranin bro harus 6 orang"
Zisera Rekatama,5,
Nur Ichwan,5,
desi nurmalasari,5,
YUDI IRWAN Iwan,5,mantap. pengalaman yang asik
Endin Hasanuddin,5,Sejak masih muda sampi SDH bawa cucu ke cukang taneuh asyik tempat nya memang alami pelayanan baik menjaga protokol kesehatan mksih
Her Robby Fajar,5,"Tiket rafting 200rb waktu liburan lebaran, tapi asli bayar 200rb gak nyesel sama sekali liat indahnya ciptaan allah swt. Sumpah pemandangan alamnya indah banget, mudah mudahan bisa tetap terjaga keasriannya. Pesan untuk para pengunjung, mohon kebersihannya dijaga yah, biar kita tetap bisa menikmati keindahan alamnya"
Asep cahya,5,begitu indah
ABDUL ROPIK,5,
Aura ifa,4,"Keren Banget apalagi ikut Body Repting.
Seru Abis"
Onez Koernia_1,5,Tempat yang bagus untuk wisata keluarga
Yuliance Federika,5,
Agus Rakhmat Hidayat,5,Pesona alam Indonesia
Diva Sakha,5,"(Diterjemahkan oleh Google) Bagus

(Asli)
Good"
ajat sudrajat,5,
Satinah Hana,5,"Indah banget, mengagumkan. Ternyata indonesia kaya akan tempat wisata ."
Dua Putra Sejahera Tour & Rent Car Cirebon.,5,mantap beud.
Jua Risman,5,Sangat senang bisa setiap tahun Kesana
Maya Sarii,5,Seru banget pokonya
Fiki Aditya Pratama,5,Sungai yang sangat menyenangkan hati dan pikiran
Ghina meliyani,5,Tempatnya sejuk bangetttğŸ˜. Cocok untuk liburan akhir pekan bersama keluarga. Tapi pas saya kesana lagi di tutup tempatnya. Finally cmn bisa poto poto di pinggirnya saja. â€¦
Juliandarini,5,Sewa per kapal maks 6 orang 200k untuk 40menit perjalanan PP.
ILHAM RAMDHANI AINUN MAJID,5,
Yana Rustiana,5,Tempat nya seger masih alami
Dita Dea,5,"(Diterjemahkan oleh Google) Oke

(Asli)
Ok"
wandi wardani mahmoud,5,
7R1GG3R3D,5,
Gleen Raditya,5,Tempat wisata yang menakjubkan.....
JEN JEN JENAL MUSTOPA,5,
Gavin M. B. Siagian,5,"(Diterjemahkan oleh Google) Menikmatinya, dan cantik ..

(Asli)
Enjoy it, and beautiful.."
Ipunk Purba,5,Natural banget
Rosita Anggraeni,5,
Petani Sunda,1,"Green canyon,
Kemarin saya beserta keluarga 5 orang dewasa & 2 anak kecil 1 U-6th, 1 U-18bln (bayi) mengunjungi objek wisata di kec. Cijulang ini.  Tiket 1 perahupun sudah â€¦"
Amelia Sitorus,5,"Asiiiikk banget main disini. Ngerasain terjun dari beberapa batu dengan berbagai jenis ketinggian, rasanyaaa mantapp... Terus airnya jernih, pemandangan ok banget ï¿½ â€¦"
Athiam Muliadi,5,Green Canyon memang selalu dihati
Syaiful Anwar,5,"Tmpt yg bgitu mengagumkan,, wonderful Indonesia"
Sule 68,4,
Fikri saepulloh,5,
Yusuf F,5,Tidak direkomendasikan untuk pergi saat hujan.
i'm amirudin,5,Tgal dijaga segalanya
Bendera My Adventure,5,
August 28,4,Tempatnya Keren...
Riyan channel,5,Sekses terus lertari holiday ğŸ‘ï¿½ â€¦
Mama Muthe And Nana,5,Kerennn
Bibat Boli,5,
Wina Ratnasari,5,
yayan sopian,5,
Enur Nurjanah,5,Indah
Astin Agustin,5,
Dewi Sukmayati,5,
Neng Mutmainah,4,
Semangat Hidup,1,
Aris Mulia,4,"Lumayan asyik menikmati naik perahu menyusuri sungai, sampai di lokasi terjauh di dekat Canyon berhenti dan ditawarkan jika mau main body rafting tapi kami menolak jadi kami balik lagi ke area awal. Pelayanan dari parkir, tiket, dan operator perahu semuanya informatif dan baik"
Ahmad Riyadi,5,"Bekasi -pangadaran 7jam menurut map. Idealnya berangkat malam dri jakarta atau bksi, smpai sana pagi.(menginap. banyak penginapan cukup murah, di pantai batu karas) Jam 10 pgi waktu yg bagus untuk Body Rafting. Siapkan fisik anda . klo ada â€¦"
paizal azis,5,Tempat yg sangat eksotis dan asri. Pemandangan yg memukau dan airnya dingin seperti air es. Membuat badan jadi segar kembali setelah menemppuh perjalanan yg lumayan jauh.
Uchiha Budi,5,"(Diterjemahkan oleh Google) Tarifnya murah untuk fasilitas yang mereka berikan. Saat itu saya hanya perlu membayar sekitar 125k IDR per orang (min 6 orang) untuk menikmati boat dan pergi ke green canyon, tapi sayangnya saya tidak bisa masuk â€¦"
Ni'mah Nurhasanah,5,Adeeeeeemmmmmmm ï¿½ â€¦
abdul djabbar,5,Indah bangettt
Widianto Nugroho,5,
Mustakfirin 2037,5,"Wisata body rafting, tempat asri, bersih"
Abah Ompong,5,"Mantap, dan rekomendasi banget buat liburan bersama keluarga."
Amin Triyono,5,
rudi setiahadi,5,Body rafting nya mantul
Zikky Zailani,3,(Diterjemahkan oleh Google) Gambar bisa menipu. Realitas tidak seindah di gambar. â€¦
Kelly Bonypol,5,
Runiaz Gaming,5,
Zaelani Syahron,5,Indah
Ganjar Gumilar,5,
Reni Restianti,5,"(Diterjemahkan oleh Google) Bagus

(Asli)
Nice"
Neni Suryani,5,"Seru, memacu adrenalin, medan nya keren"
Risa Sulistiawati,5,
Adhie Nurdianto,5,
Timothy S,2,Tempat bagus dan indah tapi dari dulu tidak berubah dan itu2 aja
Iwan Taryana,1,
Mayang Bestari,5,
